{
  "project_info": {
    "project_number": "736733747164",
    "firebase_url": "https://contacts-3a4a9.firebaseio.com",
    "project_id": "contacts-3a4a9",
    "storage_bucket": "contacts-3a4a9.appspot.com"
  },
  "client": [
    {
      "client_info": {
        "mobilesdk_app_id": "1:736733747164:android:528939b404b2cb935aa119",
        "android_client_info": {
          "package_name": "com.dmitri.contacts"
        }
      },
      "oauth_client": [
        {
          "client_id": "736733747164-6kfclss6c6clqtuuq70u9emm2b75lavv.apps.googleusercontent.com",
          "client_type": 1,
          "android_info": {
            "package_name": "com.dmitri.contacts",
            "certificate_hash": "530498513ce5007d32c20bf5f34fd8a08082f78e"
          }
        },
        {
          "client_id": "736733747164-snt0clojpae48v2vic80mtnak05n7dri.apps.googleusercontent.com",
          "client_type": 3
        }
      ],
      "api_key": [
        {
          "current_key": "AIzaSyCNNI64XEFKW_LtX2taApAlzcESOB6wtLE"
        }
      ],
      "services": {
        "appinvite_service": {
          "other_platform_oauth_client": [
            {
              "client_id": "736733747164-snt0clojpae48v2vic80mtnak05n7dri.apps.googleusercontent.com",
              "client_type": 3
            }
          ]
        }
      }
    }
  ],
  "configuration_version": "1"
}